Regional_Manager,Monthly_Profit,Target_Profit_Per_RM,Group_Profit,Target_Group_Profit,Customer_Interactions,Individual_Performance,Group_Performance,Bonus_Adjustment,Total_Payout,Customer_Interactions_Compliance
RM1,46000,46000,285000,275000,30,0.037500000000000006,0.012954545454545455,0,0.05045454545454546,Compliant
RM2,50000,46000,285000,275000,28,0.04076086956521739,0.012954545454545455,0,0.05371541501976285,Compliant
RM3,43000,46000,285000,275000,25,0.035054347826086955,0.012954545454545455,0,0.04800889328063241,Compliant
RM4,47000,46000,285000,275000,20,0.038315217391304356,0.012954545454545455,0,0.05126976284584981,Non-Compliant
RM5,45000,46000,285000,275000,27,0.036684782608695655,0.012954545454545455,0,0.04963932806324111,Compliant
RM6,44000,46000,285000,275000,26,0.03586956521739131,0.012954545454545455,0,0.04882411067193677,Compliant
